10/16/2024, 11:39:42 AM;How many institutions are in North Region?;InstitutionLocationQuery;There are 260 institutions in the North Region. 
10/16/2024, 11:40:10 AM;Which institutions uses the acronym UFSM?;InstitutionLocationQuery;The institution using the acronym UFSM is **UNIVERSIDADE FEDERAL DE SANTA MARIA**. 
10/24/2024, 10:47:04 PM;Hello there!;none;How can I help you today? üòä 
10/24/2024, 10:48:03 PM;Hi there!;none;How can I help you today? üòä 
10/24/2024, 10:48:27 PM;Can you help me with institutions information?;none;Of course! I can help you with information about institutions. What specifically are you interested in? For example, you could ask:* "How many institutions are there in the state of S√£o Paulo?"* "What is the name of the institution with the acronym 'USP'?" * "Are there any institutions in the capital city?"Let me know what you'd like to know, and I'll do my best to help. 10/25/2024, 11:55:42 AM;How many institutions are located in the state of Rio Grande do Sul?;IESCountByRegion;There are 153 institutions located in the state of Rio Grande do Sul. 
10/25/2024, 11:58:30 AM;Which are these institutions?;IESListByRegion;The institutions located in the state of Rio Grande do Sul are:UNIVERSIDADE FEDERAL DO RIO GRANDEUNIVERSIDADE DE CAXIAS DO SULUNIVERSIDADE REGIONAL INTEGRADA DO ALTO URUGUAI E DAS MISS√ïESFaculdade da Serra Ga√∫cha de Bento Gon√ßalvesFACULDADE DE TECNOLOGIA FTECFACULDADES JO√ÉO PAULO IIFACULDADE IDEAU DE BAG√âFACULDADE FACTUMFACULDADE ANHANGUERA DE PORTO ALEGREFACULDADE DE S√ÉO MARCOSFACULDADE SISTEMA DE ENSINO GA√öCHOFACULDADE MURIALDOFACULDADE DE TECNOLOGIA DE NOVO CABRAISUNIVERSIDADE FRANCISCANAFACULDADE DE TECNOLOGIA DO COOPERATIVISMOFACULDADE TECNOL√ìGICA DENTAL CEEOFACULDADE DE TECNOLOGIA EM SA√öDE - IAHCSFACULDADE DE TECNOLOGIA ALCIDES MAYAFaculdade CESURG MarauSOBRESP - Faculdade de Ci√™ncias da Sa√∫deFG Faculdade GlobalFaculdade M√°rio QuintanaFaculdade Brasileira de Tributa√ß√£oFaculdade Menino DeusUNIVERSIDADE DE CRUZ ALTACentro de Ensino Superior RiograndenseFACULDADES JO√ÉO PAULO II - Campus Porto AlegreFACULDADES JO√ÉO PAULO II - PELOTASFACULDADE AM√âRICA LATINAFACULDADE LA SALLE - CAXIASFACULDADE ECOARFACULDADE DE TECNOLOGIA SENAC PASSO FUNDOFACULDADE FACCENTROFACULDADE DOS IMIGRANTES - FAIINSTITUTO SUPERIOR DE EDUCA√á√ÉO EQUIPECENTRO UNIVERSIT√ÅRIO RITTER DOS REISFACULDADE LEONARDO DA VINCIFACULDADE DE FORMA√á√ÉO DE PROFESSORES E ESPECIALISTAS DE EDUCA√á√ÉOINSTITUTO SUPERIOR DE MUSICA DE SAO LEOPOLDOFACULDADE DE TECNOLOGIA TECBRASIL  UNIDADE NOVO HAMBURGOFACULDADE DE TEOLOGIA E CIENCIAS HUMANASFACULDADE DO CENTRO EDUCACIONAL SANTA ISABELFaculdade Meridional de Porto AlegreFaculdade de Ci√™ncias Jur√≠dicas de ErechimFaculdade de Ci√™ncias Jur√≠dicas de UruguaianaFaculdade de Direito de Uruguaiana - AnhangueraUNIVERSIDADE LUTERANA DO BRASILFaculdade de Ci√™ncias da Sa√∫de Moinhos de VentoFaculdade de Santo √ÇngeloFACULDADE UNIFAEL PORTO ALEGREFACULDADE DE CI√äNCIAS DA SA√öDE DO GRUPO HOSPITALAR CONCEI√á√ÉOFaculdade UN√çNTESEFACULDADE DO CEFIFACULDADE DE CI√äNCIAS JUR√çDICAS DE SANTA MARIAFaculdade Tecnol√≥gica Latino AmericanaInstituto de Pesquisas, Ensino e Gest√£o em Sa√∫deFaculdade FISEPEFACULDADE CAMAQ√úENSE DE CI√äNCIAS CONT√ÅBEIS E ADMINISTRATIVASFaculdade Anhanguera de AlvoradaFACULDADE TERCEIRA VIS√ÉOFACULDADE ESCOLA DE AYURVEDAUNIVERSIDADE REGIONAL DO NOROESTE DO ESTADO DO RIO GRANDE DO SULUNIVERSIDADE FEDERAL DO RIO GRANDE DO SULUNIVERSIDADE FEDERAL DE SANTA MARIAINSTITUTO FEDERAL DE EDUCA√á√ÉO, CI√äNCIA E TECNOLOGIA DO RIO GRANDE DO SULUNIVERSIDADE DO VALE DO RIO DOS SINOSCENTRO UNIVERSIT√ÅRIO CENECISTA DE OS√ìRIOFACULDADE CNEC FARROUPILHAUNIVERSIDADE FEDERAL DE PELOTASUNIVERSIDADE LA SALLEFUNDA√á√ÉO UNIVERSIDADE FEDERAL DE CI√äNCIAS DA SA√öDE DE PORTO ALEGREUNIVERSIDADE DO VALE DO TAQUARICENTRO UNIVERSIT√ÅRIO CNEC DE BENTO GON√áALVESFACULDADE METODISTA CENTEN√ÅRIOFACULDADE EST√ÅCIO DO RIO GRANDE DO SUL - EST√ÅCIO FARGSFACULDADE CNEC SANTO √ÇNGELOUNIVERSIDADE CAT√ìLICA DE PELOTASESCOLA SUPERIOR DE PROPAGANDA E MARKETING DE PORTO ALEGREFaculdades ESTCENTRO UNIVERSIT√ÅRIO DA SERRA GA√öCHAINSTITUTO FEDERAL DE EDUCA√á√ÉO, CI√äNCIA E TECNOLOGIA SUL-RIO-GRANDENSEFACULDADE LUTERANA S√ÉO MARCOSCASTELLI ESCOLA SUPERIOR DE HOTELARIAFACULDADE HORIZONTINAFACULDADE ANHANGUERA DE PASSO FUNDOFACULDADES INTEGRADAS MACHADO DE ASSISFACULDADE DA ASSOCIA√á√ÉO BRASILIENSE DE EDUCA√á√ÉOUNIVERSIDADE DE PASSO FUNDOFACULDADE PALOTINAFACULDADE CNEC NOVA PETR√ìPOLISFACULDADE DOM BOSCO DE PORTO ALEGREFACULDADE CNEC GRAVATA√çFACULDADE ANHANGUERA DE PELOTASINSTITUTO SUPERIOR DE EDUCA√á√ÉO IVOTIFACULDADE ANHANGUERA DO RIO GRANDEFACULDADE MONTEIRO LOBATOESCOLA SUPERIOR DE TEOLOGIA E ESPIRITUALIDADE FRANCISCANAFACULDADE DE DIREITO DE SANTA MARIAPONTIF√çCIA UNIVERSIDADE CAT√ìLICA DO RIO GRANDE DO SULINSTITUTO SUPERIOR DE FILOSOFIA BERTHIERFACULDADE MERIDIONALFACULDADE DE INTEGRA√á√ÉO DO ENSINO SUPERIOR DO CONE SULFACULDADE ANGLICANA DE ERECHIMFACULDADE INTEGRADA DE SANTA MARIAFACULDADE DOM ALBERTOFaculdade Meridional RSFACULDADE NOSSA SENHORA DE F√ÅTIMAFACULDADE S√ÉO FRANCISCO DE ASSISFACULDADE DE EDUCA√á√ÉO E TECNOLOGIA DA REGI√ÉO MISSIONEIRAUNIVERSIDADE FEEVALECentro Universit√°rio FADERGSFACULDADE EQUIPEFACULDADE DE TECNOLOGIA IPUCCENTRO UNIVERSIT√ÅRIO UNIFTECUNIVERSIDADE ESTADUAL DO RIO GRANDE DO SULCentro Universit√°rio IDEAUCentro Universit√°rio CESUCAFACULDADE DE DIREITO DA FUNDA√á√ÉO ESCOLA SUPERIOR DO MINIST√âRIO P√öBLICOFACULDADE FAE S√âVIGN√â PORTO ALEGREFACULDADE DE TAPEJARAFACULDADE TR√äS DE MAIOFACULDADE NOVO HAMBURGOFACULDADE FAMERCOSULFaculdade IBGENFaculdade IBGENCentro Universit√°rio SenacFACULDADE DECISION DE NEG√ìCIOSFACULDADE DE TECNOLOGIA SENAC PELOTASCENTRO UNIVERSIT√ÅRIO METODISTAFaculdade QI BrasilFaculdade de Tecnologia FTEC de Porto AlegreUNIVERSIDADE DE SANTA CRUZ DO SULCentro Universit√°rio Uniftec Bento Gon√ßalvesINSTITUTO FEDERAL DE EDUCA√á√ÉO, CI√äNCIA E TECNOLOGIA FARROUPILHAFACULDADE DE TECNOLOGIA SENAI PORTO ALEGREFaculdade CMBFaculdade Meridional de Iju√≠FACULDADE ANHANGUERA DE CAXIAS DO SULFACULDADE IDEAU DE CAXIAS DO SULFaculdade IDEAU de Passo FundoFACULDADE ANT√îNIO MENEGHETTIFACULDADE BATISTA PIONEIRACentro Universit√°rio da Regi√£o da CampanhaFACULDADE SANTO AUGUSTOFACULDADE SOGIPA DE EDUCA√á√ÉO F√çSICAFACULDADES INTEGRADAS DE TAQUARAFACULDADE PORTO-ALEGRENSEFUNDA√á√ÉO UNIVERSIDADE FEDERAL DO PAMPA - UNIPAMPAFACULDADES INTEGRADAS S√ÉO JUDAS TADEUFACULDADE DE TEOLOGIA E CI√äNCIAS HUMANASFACULDADE ESPECIALIZADA NA √ÅREA DE SA√öDE DO RIO GRANDE DO SULFACULDADE DE TECNOLOGIA DA SERRA GA√öCHA - CAXIAS DO SULFACULDADE DE TECNOLOGIA LA SALLE - ESTRELA
10/25/2024, 11:58:54 AM;Thank you!;none;You're welcome! Is there anything else I can help you with? 
10/25/2024, 11:59:14 AM;How many institutions are located in Mato Grosso do Sul?;IESCountByRegion;There are 53 institutions located in Mato Grosso do Sul. 
10/25/2024, 11:59:39 AM;Tell me the name of 5 of them?;IESListByRegion;Here are 5 institutions located in Mato Grosso do Sul:1. UNIVERSIDADE CAT√ìLICA DOM BOSCO2. UNIVERSIDADE ANHANGUERA3. CENTRO UNIVERSIT√ÅRIO DA GRANDE DOURADOS4. UNIVERSIDADE ESTADUAL DE MATO GROSSO DO SUL5. FUNDA√á√ÉO UNIVERSIDADE FEDERAL DA GRANDE DOURADOS 
10/25/2024, 12:01:14 PM;Thank you! ;none;You're welcome! Is there anything else I can help you with today? 
10/25/2024, 12:33:06 PM;Where is UFSM located?;InstitutionLocationQuery;I am sorry, I could not find any information about the institution with the acronym UFSM. Please, try another query.
10/25/2024, 12:33:57 PM;Query again, note that acronyms should be lowercase!;InstitutionLocationQuery;UFSM is located in Rio Grande do Sul. 
10/25/2024, 12:39:53 PM;Is PUCRS located in a capital city?;InstitutionLocationQuery;Yes, PUCRS is located in a capital city. 
11/11/2024, 2:30:02 PM;ol√°;none;Ol√°! üëã Em que posso ajudar? üòä  
11/11/2024, 4:02:28 PM;ol√°!;none;Ol√°! üëãComo posso ajudar voc√™ hoje? üòä 
11/11/2024, 5:36:03 PM;Ol√°! Tudo bem?;;Ol√°! Tudo bem sim, e com voc√™? üòÑ 
11/11/2024, 5:36:22 PM;Que tipo de informa√ß√£o voc√™ pode me dar?;;Posso te ajudar com uma variedade de informa√ß√µes!  Alguns exemplos:**Geral:*** **Fatos:**  Posso te dar informa√ß√µes sobre hist√≥ria, geografia, ci√™ncia, cultura, etc. Por exemplo: "Qual a capital da Fran√ßa?" ou "Quem escreveu Dom Quixote?"* **Defini√ß√µes:** Se voc√™ precisar entender o significado de uma palavra ou conceito, me pergunte!  Por exemplo: "O que √© uma democracia?" ou "Defina 'ironia'."* **Resumo:**  Precisa de um resumo r√°pido sobre um tema espec√≠fico?  Diga-me!  Por exemplo: "Resumo da hist√≥ria da Segunda Guerra Mundial" ou "Explique a teoria da relatividade."* **Tradu√ß√£o:**  Precisa traduzir algo?  Posso te ajudar!  Por exemplo: "Traduza 'Ol√°, mundo' para o franc√™s."**Criativo:*** **Ideias:** Precisa de ideias para um projeto, hist√≥ria, ou at√© mesmo um nome para seu animal de estima√ß√£o? Me pergunte!* **Poesia:**  Posso gerar poemas simples, mas n√£o espere poemas de n√≠vel profissional. üòÖ* **Hist√≥rias:**  Posso te ajudar a criar hist√≥rias curtas, mas n√£o espere hist√≥rias complexas com personagens desenvolvidos.**Pessoal:*** **Dicas:**  Precisa de dicas para organizar seu tempo, melhorar sua escrita, ou aprender algo novo? Posso te ajudar!* **Humor:**  Posso contar piadas (algumas s√£o melhores que outras üòÖ).**Importante:** Eu sou um modelo de linguagem e n√£o tenho acesso a informa√ß√µes em tempo real, como not√≠cias ou resultados de jogos.O que voc√™ gostaria de saber? 
11/11/2024, 5:37:03 PM;Voc√™ recebeu minhas declara√ß√µes de ferramentas?;;Ol√°! Entendo que voc√™ est√° perguntando se eu, como um modelo de linguagem, posso acessar suas declara√ß√µes de ferramentas. A resposta √© **n√£o**. Eu n√£o tenho acesso a nenhum tipo de informa√ß√£o pessoal ou dados confidenciais, incluindo suas declara√ß√µes de ferramentas. A minha fun√ß√£o √© fornecer informa√ß√µes e realizar tarefas de acordo com as instru√ß√µes que voc√™ me d√°. N√£o tenho acesso a nenhum dado pessoal ou sistema externo, como bancos de dados ou plataformas de armazenamento.Se voc√™ precisa de ajuda para processar suas declara√ß√µes de ferramentas, recomendo que entre em contato com a institui√ß√£o ou plataforma respons√°vel por gerenci√°-las. Espero ter ajudado! üòä
11/11/2024, 5:37:56 PM;Ol√°!;;Ol√°! üëã  Em que posso ajudar? üòä 
11/11/2024, 5:38:14 PM;Que tipo de informa√ß√µes voc√™ tem para mim?;;Tenho informa√ß√µes sobre institui√ß√µes de ensino superior no Brasil! üáßüá∑ Posso te ajudar a encontrar:* **O n√∫mero de institui√ß√µes** em uma determinada regi√£o ou estado.* **O nome das institui√ß√µes** em uma determinada regi√£o ou estado.* **Informa√ß√µes sobre a localiza√ß√£o** de uma institui√ß√£o, como se ela est√° localizada em uma capital, o nome da cidade e do estado.Para te ajudar da melhor forma, me fale qual tipo de informa√ß√£o voc√™ procura e me d√™ os detalhes, como o nome da regi√£o ou do estado. üòä
11/11/2024, 5:48:57 PM;Ol√°!;;Ol√°! üëã  Em que posso ajudar? üòä 
11/11/2024, 5:55:38 PM;Oi!;;Ol√°! üëã  Em que posso ajudar? üòä
11/11/2024, 5:56:13 PM;Quais informa√ß√µes voc√™ tem pra mim?;;Eu tenho acesso a um banco de dados com informa√ß√µes sobre institui√ß√µes de ensino superior no Brasil. Posso te ajudar a encontrar:* **N√∫mero de institui√ß√µes:** por regi√£o ou estado.* **Lista de institui√ß√µes:** por regi√£o ou estado.* **Detalhes da localiza√ß√£o:** como nome da institui√ß√£o, sigla, se est√° localizada na capital, nome do munic√≠pio, estado e regi√£o.O que voc√™ gostaria de saber? üòä
11/11/2024, 6:01:28 PM;Ol√°!;;Ol√°! üëã  Em que posso ajudar? üòä 
11/11/2024, 9:44:18 PM;oi;;Ol√°! Como posso ajudar voc√™ hoje? 
11/11/2024, 9:45:06 PM;oi;;Ol√°! üëã Em que posso ajudar? üòä 
11/11/2024, 9:45:58 PM;ola;;Ol√°! üëã  Como posso ajudar voc√™ hoje? üòä 
11/11/2024, 9:46:24 PM;oi;;Ol√°! üëã  Como posso ajudar voc√™ hoje? üòä 
11/11/2024, 9:46:38 PM;oi;;Ol√°! üëã  Como posso ajudar voc√™ hoje? üòä 
11/11/2024, 9:48:17 PM;oi;;Ol√°! üëã  Como posso te ajudar? üòä 
11/11/2024, 9:49:15 PM;ola;;Ol√°! üëã  Como posso ajudar voc√™ hoje? üòä 
11/11/2024, 9:49:44 PM;ola;;Ol√°! üëã  Como posso ajudar voc√™ hoje? üòä 
11/11/2024, 9:50:42 PM;oi;;Oi! üòÑ  Em que posso te ajudar hoje? üòä 
11/11/2024, 9:52:19 PM;oi;;Ol√°! üëã  Como posso ajudar voc√™ hoje? üòä
11/11/2024, 9:53:46 PM;ol√°!;;Ol√°! üëã  Como posso ajudar voc√™ hoje? üòä 
11/11/2024, 9:54:19 PM;tudo bem?;;Tudo bem, e voc√™? üòÑ O que posso fazer por voc√™ hoje? üòä 
11/11/2024, 9:54:58 PM;O que voc√™ tem pra mim hoje?;;Eu sou um modelo de linguagem grande, treinado pelo Google. Posso gerar texto, traduzir idiomas, escrever diferentes tipos de conte√∫do criativo e responder √†s suas perguntas de forma informativa. O que voc√™ gostaria de saber ou fazer hoje? üòä 
11/11/2024, 9:55:16 PM;tchau!;;At√© mais! üëã 
11/11/2024, 9:59:27 PM;hey;;How can I help you today? üòä 
11/11/2024, 10:00:45 PM;hey;;How can I help you today? üòä 
11/11/2024, 10:01:05 PM;hey;;How can I help you today? üòä 
11/11/2024, 10:02:18 PM;hey;;How can I help you today? üòä 
11/11/2024, 10:02:44 PM;hey;;How can I help you today? üòä 
11/11/2024, 10:04:12 PM;hey;;How can I help you today? üòä 
11/11/2024, 10:04:46 PM;Hello;;How can I help you today? üòä 
11/11/2024, 10:05:39 PM;Hello;;How can I help you today? 
11/12/2024, 8:24:46 AM;ol√°!;;Ol√°! üëã  Como posso te ajudar hoje? üòä 
11/12/2024, 8:24:57 AM;que informa√ß√µes voc√™ tem pra mim?;;Eu tenho acesso a um banco de dados de institui√ß√µes de ensino superior no Brasil. Posso te ajudar com informa√ß√µes sobre:* **N√∫mero de institui√ß√µes por regi√£o ou estado:**  Diga-me a regi√£o ou o estado e te direi quantas institui√ß√µes existem l√°.* **Lista de institui√ß√µes por regi√£o ou estado:**  Diga-me a regi√£o ou o estado e te darei uma lista com os nomes das institui√ß√µes.* **Localiza√ß√£o de institui√ß√µes:** Posso te dizer se uma institui√ß√£o fica na capital, o nome da cidade e do estado.Como posso te ajudar? üòä
