10/6/2024, 10:33:08 AM;How many institutions are in Rio Grande do Sul?;IESCount;There are 25 institutions in Rio Grande do Sul. 
10/6/2024, 8:04:56 PM;How many institutions are in a capital city?;error;I am sorry, I cannot fulfill this request. The available tools lack the functionality to query by capital city. 
10/6/2024, 8:06:38 PM;How many institutions are in a capital city?;IESSqlQuery;I am sorry, I cannot answer this question. The available tools lack the functionality to retrieve the number of institutions in a capital city.
10/6/2024, 8:09:57 PM;How many institutions are in a capital city?;IESSqlQuery;I am sorry, I cannot answer this question. The available tools lack the information to count the number of institutions that are located in a capital city.
10/6/2024, 8:11:10 PM;How many institutions are in a capital city?;IESSqlQuery;There are no institutions in the database.
10/6/2024, 8:11:51 PM;How many institutions are in a capital city?;IESSqlQuery;I am sorry, I cannot answer this question. The available tools do not allow to query for specific values in the institutions database. 
10/6/2024, 8:14:57 PM;How many institutions are in a capital city?;IESSqlQuery;There are 181 institutions in a capital city. 
10/6/2024, 8:24:45 PM;How many institutions are in a capital city?;IESSqlQuery;There are 181 institutions in a capital city. 
10/6/2024, 8:27:17 PM;Which institutions are in a capital city?;IESSqlQuery;I am sorry, I cannot fulfill this request. The available tools do not have information about which institution is located in a capital city.
10/6/2024, 8:29:50 PM;Which institutions are in a capital city?;IESSqlQuery;I am sorry, I cannot fulfill this request. The available tools lack the functionality to filter by capital city.
10/6/2024, 8:31:02 PM;What are the names of the institutions that are located in a capital city?;IESSqlQuery;I am sorry, I cannot fulfill this request. The available tools lack the functionality to filter institutions based on their location in a capital city.  The `IESSqlQuery` function can only perform a generic query over the institutions database, and it lacks the necessary fields to filter by capital city. 
10/6/2024, 8:31:47 PM;How many institutions are in a capital city?;IESCount;There are 439 institutions located in a capital city. 
10/6/2024, 8:33:34 PM;Which institutions are in a capital city?;IESSqlQuery;I am sorry, I cannot fulfill this request. I do not have the necessary information to respond. The available data source only has the ability to search for institutions by region and state. There is no information about which institutions are located in capital cities.
10/6/2024, 8:35:36 PM;How many institutions are in a capital city?;IESCount;There are 6 institutions in the capital city. 
10/6/2024, 8:37:14 PM;How many institutions are in a capital city?;IESSqlQuery;There are 181 institutions in a capital city. 
10/6/2024, 8:38:27 PM;How many institutions are in a capital city?;IESCount;There are 439 institutions in a capital city. 
10/6/2024, 8:40:12 PM;How many institutions are in a capital city?;IESCount;I am sorry, I cannot fulfill this request. The available tools lack the functionality to query information based on the location of the institutions. 
10/6/2024, 8:40:19 PM;How many institutions are in a capital city?;IESSqlQuery;There are 181 institutions located in a capital city. 
10/7/2024, 10:06:48 AM;How many institutions are in a capital city?;IESSqlQuery;I am sorry, I cannot answer your question. The available tools lack the information about the institutions location in a capital city.
10/7/2024, 10:08:50 AM;How many institutions are in a capital city?;IESSqlQuery;I am sorry, I cannot answer this question. I do not have information on which institutions are in a capital city.  You could try to ask how many institutions are in a specific state.
10/7/2024, 10:10:05 AM;How many institutions are in a capital city?;IESSqlQuery;I am sorry, I cannot fulfill this request. The available tools do not allow querying the database for institutions in a capital city.
10/7/2024, 10:11:23 AM;How many institutions are in a capital city?;IESCount;There are 439 institutions located in a capital city. 
10/7/2024, 10:14:41 AM;How many institutions are in a capital city?;IESSqlQuery;I am sorry, I cannot answer this question. The available tools do not provide the information to determine how many institutions are in a capital city. 
10/7/2024, 10:14:53 AM;How many institutions are in a capital city?;IESCount;There are 439 institutions in a capital city. 
10/7/2024, 10:15:32 AM;How many institutions are in a capital city?;IESCount;There are 439 institutions in a capital city. 
10/7/2024, 10:22:32 AM;How many institutions are in a capital city?;IESSqlQuery;There are no institutions in a capital city.
10/7/2024, 10:23:35 AM;How many institutions are in a capital city?;IESSqlQuery;There are no institutions in a capital city according to the database.
10/7/2024, 10:24:01 AM;Which institutions are in a capital city?;IESSqlQuery;There are no institutions in the database that are located in a capital city.
10/7/2024, 10:26:17 AM;How many institutions are in a capital city?;IESSqlQuery;There are no institutions in the database that are located in a capital city.
10/7/2024, 10:29:01 AM;. MUST contain the word SELECT;IESSqlQuery;OK. I've run the query `SELECT NO_IES WHERE IN_CAPITAL_IES = 1` and retrieved the results.  However, the response is empty.  Is there anything else I can do for you? 
10/7/2024, 10:29:32 AM;How many institutions are in a capital city?;IESSqlQuery;There are no institutions in the database that are located in a capital city.
10/7/2024, 10:29:50 AM;Which institutions are in a capital city?;IESSqlQuery;I am sorry, I cannot fulfill this request. The tool I use to get the information has no data available.
10/7/2024, 10:31:00 AM;Which institutions are in a capital city?;IESSqlQuery;The following institutions are located in a capital city: UNIVERSIDADE FEDERAL DE MATO GROSSO, UNIVERSIDADE DE BRASÍLIA, UNIVERSIDADE FEDERAL DO AMAZONAS, UNIVERSIDADE FEDERAL DO PIAUÍ, PONTIFÍCIA UNIVERSIDADE CATÓLICA DO PARANÁ, UNIVERSIDADE CATÓLICA DE PERNAMBUCO, PONTIFÍCIA UNIVERSIDADE CATÓLICA DO RIO GRANDE DO SUL, UNIVERSIDADE PRESBITERIANA MACKENZIE, ESCOLA NACIONAL DE CIÊNCIAS ESTATÍSTICAS, UNIVERSIDADE ESTADUAL DO CEARÁ, UNIVERSIDADE ESTADUAL DE CIÊNCIAS DA SAÚDE DE ALAGOAS - UNCISAL, FACULDADE DE TECNOLOGIA DE SÃO PAULO, UNIVERSIDADE DO ESTADO DO PARÁ, UNIVERSIDADE DO ESTADO DA BAHIA, FUNDAÇÃO UNIVERSIDADE DO ESTADO DE SANTA CATARINA, UNIVERSIDADE DE SÃO PAULO, UNIVERSIDADE ESTADUAL PAULISTA JÚLIO DE MESQUITA FILHO, ESCOLA DE ADMINISTRAÇÃO DE EMPRESAS DE SÃO PAULO - FGV EAESP, FACULDADE DE CIÊNCIAS CONTÁBEIS, CONSERVATÓRIO BRASILEIRO DE MÚSICA - CENTRO UNIVERSITÁRIO BRASILEIRO DE EDUCAÇÃO, FACULDADE FRASSINETTI DO RECIFE, CENTRO UNIVERSITÁRIO ASSUNÇÃO, CENTRO UNIVERSITÁRIO BELAS ARTES DE SÃO PAULO, UNIVERSIDADE ESTÁCIO DE SÁ, UNIVERSIDADE VEIGA DE ALMEIDA, UNIVERSIDADE CASTELO BRANCO, ESCOLA DE MEDICINA SOUZA MARQUES DA FUNDAÇÃO TÉCNICO-EDUCACIONAL SOUZA MARQUES, FACULDADE DE CIÊNCIAS CONTÁBEIS E DE ADMINISTRAÇÃO DE EMPRESAS, FACULDADE DE FILOSOFIA CIÊNCIAS E LETRAS SOUZA MARQUES, FACULDADE DE ENGENHARIA SOUZA MARQUES, ESCOLA DE ENFERMAGEM DA FUNDAÇÃO TÉCNICO EDUCACIONAL SOUZA MARQUES, FACULDADE PRESBITERIANA MACKENZIE RIO, FACULDADE DE EDUCAÇÃO SUPERIOR DO PARANÁ, FACULDADE CÁSPER LÍBERO, FACULDADE DO RIO DE JANEIRO, UNIVERSIDADE SÃO JUDAS TADEU, CENTRO UNIVERSITÁRIO ÍTALO-BRASILEIRO, CENTRO UNIVERSITÁRIO ÁLVARES PENTEADO, FACULDADE DE ENGENHARIA DE MINAS GERAIS - FEAMIG, CENTRO UNIVERSITÁRIO METODISTA IZABELA HENDRIX, FACULDADE SÃO JUDAS TADEU, UNIVERSIDADE CRUZEIRO DO SUL, FACULDADES OSWALDO CRUZ, UNIVERSIDADE SANTA ÚRSULA, CENTRO UNIVERSITÁRIO UNI-BAN, FACULDADES INTEGRADAS CAMPOS SALLES, CENTRO UNIVERSITÁRIO ESPÍRITO-SANTENSE/FAESA, CENTRO UNIVERSITÁRIO AUGUSTO MOTTA, FACULDADES INTEGRADAS SIMONSEN, FACULDADES INTEGRADAS HÉLIO ALONSO, UNIVERSIDADE NOVE DE JULHO, UNIVERSIDADE BRASIL, UNIVERSIDADE PAULISTA, PONTIFÍCIA UNIVERSIDADE CATÓLICA DE MINAS GERAIS, FACUDADE UNINEVES, CENTRO UNIVERSITÁRIO NEWTON PAIVA, CENTRO UNIVERSITÁRIO UNA, ESCOLA DE ENGENHARIA KENNEDY, CENTRO UNIVERSITÁRIO DE BELO HORIZONTE, FACULDADE DE CIÊNCIAS MÉDICAS DE MINAS GERAIS, CENTRO UNIVERSITÁRIO DE JOÃO PESSOA, FACULDADE EVANGÉLICA MACKENZIE DO PARANÁ, UNIVERSIDADE TUIUTI DO PARANÁ, CENTRO UNIVERSITÁRIO PAULISTANO, FACULDADE PAULISTA DE SERVIÇO SOCIAL, FACULDADE MOZARTEUM DE SÃO PAULO, FACULDADE PAULISTA DE ARTES, FACULDADE DE MÚSICA CARLOS GOMES, ESCOLA DE SOCIOLOGIA E POLÍTICA DE SÃO PAULO, CENTRO UNIVERSITÁRIO DAS FACULDADES METROPOLITANAS UNIDAS, UNIVERSIDADE SANTO AMARO, CENTRO UNIVERSITÁRIO ANHANGUERA DE SÃO PAULO, UNIVERSIDADE DA AMAZÔNIA, UNIVERSIDADE SALVADOR, CENTRO UNIVERSITÁRIO DE GOIÁS, UNIVERSIDADE CATÓLICA DOM BOSCO, Centro Universitário Ruy Barbosa Wyden, UNIVERSIDADE TIRADENTES, CENTRO UNIVERSITÁRIO DE BRASÍLIA, UNIVERSIDADE CATÓLICA DE BRASÍLIA, FACULDADES INTEGRADAS DA UPIS, UNIVERSIDADE DE PERNAMBUCO, FACULDADE DE CIÊNCIAS HUMANAS ESUDA, FACULDADE DE CIÊNCIAS MÉDICAS DA SANTA CASA SÃO PAULO, FACULDADE DE SÃO PAULO, UNIVERSIDADE CIDADE DE SÃO PAULO, FACULDADE SANTA MARCELINA, CENTRO UNIVERSITÁRIO RITTER DOS REIS, CENTRO UNIVERSITÁRIO LUTERANO DE MANAUS, CENTRO UNIVERSITÁRIO LUTERANO DE PALMAS, CENTRO UNIVERSITÁRIO SANT¿ANNA, UNIVERSIDADE ANHANGUERA DE SÃO PAULO, UNIVERSIDADE IBIRAPUERA, CENTRO UNIVERSITÁRIO ARMANDO ALVARES PENTEADO, UNIVERSIDADE ANHEMBI MORUMBI, ESCOLA SUPERIOR DE CIÊNCIAS DA SANTA CASA DE MISERICÓRDIA DE VITÓRIA, CENTRO UNIVERSITÁRIO DO RIO DE JANEIRO, CENTRO UNIVERSITÁRIO DO DISTRITO FEDERAL, UNIVERSIDADE CATÓLICA DO SALVADOR, CENTRO UNIVERSITÁRIO CELSO LISBOA, PONTIFÍCIA UNIVERSIDADE CATÓLICA DE GOIÁS, PONTIFÍCIA UNIVERSIDADE CATÓLICA DO RIO DE JANEIRO, FACULDADE DE MÚSICA DO ESPÍRITO SANTO MAURÍCIO DE OLIVEIRA, ESCOLA BAHIANA DE MEDICINA E SAÚDE PÚBLICA, PONTIFÍCIA UNIVERSIDADE CATÓLICA DE SÃO PAULO, UNIVERSIDADE DO ESTADO DO RIO DE JANEIRO, UNIVERSIDADE FEDERAL DO MARANHÃO, UNIVERSIDADE FEDERAL DO ACRE, UNIVERSIDADE DE FORTALEZA, UNIVERSIDADE ESTADUAL DO MARANHÃO, UNIVERSIDADE FEDERAL DO PARÁ, UNIVERSIDADE FEDERAL DO RIO GRANDE DO NORTE, UNIVERSIDADE FEDERAL DO PARANÁ, UNIVERSIDADE FEDERAL DO ESPÍRITO SANTO, UNIVERSIDADE FEDERAL DE MINAS GERAIS, UNIVERSIDADE FEDERAL DE ALAGOAS, UNIVERSIDADE FEDERAL DA BAHIA, UNIVERSIDADE FEDERAL DA PARAÍBA, UNIVERSIDADE FEDERAL DE PERNAMBUCO, UNIVERSIDADE FEDERAL DO RIO GRANDE DO SUL, UNIVERSIDADE FEDERAL DO CEARÁ, UNIVERSIDADE FEDERAL DE GOIÁS, UNIVERSIDADE FEDERAL DE SANTA CATARINA, UNIVERSIDADE FEDERAL DO RIO DE JANEIRO, UNIVERSIDADE FEDERAL RURAL DE PERNAMBUCO, UNIVERSIDADE TECNOLÓGICA FEDERAL DO PARANÁ, UNIVERSIDADE FEDERAL RURAL DA AMAZÔNIA, UNIVERSIDADE FEDERAL DE SÃO PAULO, CENTRO FEDERAL DE EDUCAÇÃO TECNOLÓGICA CELSO SUCKOW DA FONSECA, CENTRO FEDERAL DE EDUCAÇÃO TECNOLÓGICA DE MINAS GERAIS, INSTITUTO FEDERAL DE EDUCAÇÃO, CIÊNCIA E TECNOLOGIA DA BAHIA, INSTITUTO FEDERAL DE EDUCAÇÃO, CIÊNCIA E TECNOLOGIA DO MARANHÃO, CENTRO UNIVERSITÁRIO MAURÍCIO DE NASSAU DO RIO DE JANEIRO, CENTRO UNIVERSITÁRIO CESMAC, INSTITUTO MILITAR DE ENGENHARIA, ESCOLA SUPERIOR DE PROPAGANDA E MARKETING, FACULDADE PIO DÉCIMO, CENTRO UNIVERSITÁRIO DE ENSINO SUPERIOR DO AMAZONAS, UNIVERSIDADE NILTON LINS, UNIVERSIDADE ANHANGUERA, Faculdades Reunidas da ASCE, UNIVERSIDADE FEDERAL DO ESTADO DO RIO DE JANEIRO, UNIVERSIDADE FEDERAL DE MATO GROSSO DO SUL, FUNDAÇÃO UNIVERSIDADE FEDERAL DE RONDÔNIA, CENTRO UNIVERSITÁRIO SÃO JOSÉ, FACULDADE DE ARTES DULCINA DE MORAES, CENTRO UNIVERSITÁRIO IBMR, FAE CENTRO UNIVERSITÁRIO, FUNDAÇÃO UNIVERSIDADE FEDERAL DE CIÊNCIAS DA SAÚDE DE PORTO ALEGRE, UNIVERSIDADE POTIGUAR, Centro Universitário FACEX, CENTRO UNIVERSITÁRIO SÃO CAMILO, CENTRO DE ENSINO SUPERIOR DO VALE DO PARNAÍBA, UNIVERSIDADE ESTADUAL DO PIAUÍ, FACULDADE DE CIÊNCIAS HUMANAS DE PERNAMBUCO, CENTRO UNIVERSITÁRIO DE GOIÂNIA, FACULDADE PINHEIRO GUIMARÃES, UNIVERSIDADE DE CUIABÁ, FACULDADE DE RONDÔNIA, UNIVERSIDADE FEDERAL DE RORAIMA, Faculdade Israelita de Ciências da Saúde Albert Einstein, CENTRO UNIVERSITÁRIO DO ESTADO DO PARÁ, Centro Universitário Estácio de São Paulo, CENTRO UNIVERSITÁRIO UNICARIOCA, UNIVERSIDADE CEUMA, UNIVERSIDADE ESTADUAL DO TOCANTINS, UNIVERSIDADE FEDERAL DO AMAPÁ, FACULDADE PIAUIENSE DE PROCESSAMENTO DE DADOS, FACULDADE JESUÍTA DE FILOSOFIA E TEOLOGIA, FIAP - Centro Universitário, CENTRO DE ENSINO SUPERIOR DO AMAPÁ, FACULDADE ESTÁCIO DE SÁ DE CAMPO GRANDE, ESCOLA DE GOVERNO PROFESSOR PAULO NEVES DE CARVALHO, Centro Universitário Unisan, FACULDADE UNIRIO, FACULDADE ESCOLA PAULISTA DE DIREITO, FACULDADE ALAGOANA DE ADMINISTRAÇÃO, FACULDADE ESTÁCIO DE TERESINA, Centro Universitário Anhanguera Pitágoras Unopar de Campo Grande, ESCOLA SUPERIOR DE PROPAGANDA E MARKETING DO RIO DE JANEIRO, FACULDADE SENAI-CETIQT.10/7/2024, 11:36:08 AM;Which institutions are located in a capital city and their name starts with 'Universidade'?;IESSqlQuery;I am sorry, I cannot answer your question. The available tools do not provide information on institution names.
10/10/2024, 6:39:52 PM;Hi!;error;I'm sorry, I'm not sure what you're asking for.  Can you please rephrase your question? 
10/10/2024, 6:40:18 PM;How many Institutions are in Mato Grosso?;IESCount;There are 8 Institutions in Mato Grosso. 
10/10/2024, 6:42:42 PM;How many institutions are in a capital city?;IESSqlQuery;There are 181 institutions in a capital city. 
10/10/2024, 6:46:25 PM;Is there any institutions in a capital city that starts with "Universidade"?;IESSqlQuery;Yes, there are several institutions in a capital city that starts with "Universidade".  Here are a few examples: 
* UNIVERSIDADE FEDERAL DE MATO GROSSO
* UNIVERSIDADE DE BRASÍLIA
* UNIVERSIDADE FEDERAL DO AMAZONAS
* UNIVERSIDADE FEDERAL DO PIAUÍ 
* ... and many more. 
10/10/2024, 6:47:29 PM;Check if UNIVERSIDADE FEDERAL DO AMAPÁ is in a capital city.;IESSqlQuery;Yes, UNIVERSIDADE FEDERAL DO AMAPÁ is in a capital city. 
10/10/2024, 6:59:20 PM;List 5 Institutions in a capital city that starts with 'Universidade';IESSqlQuery;The institutions are: Universidade Federal de Mato Grosso, Universidade de Brasília, Universidade Federal do Amazonas, Universidade Federal do Piauí and Universidade Católica de Pernambuco. 
10/10/2024, 7:16:25 PM;How many institutions are in Rio Grande do Sul?;IESCount;There are 25 institutions in Rio Grande do Sul. 10/10/2024, 9:02:53 PM;Get the full name of the Institution that uses 'UFSM' acronym;IESSqlQuery;The full name of the institution that uses 'UFSM' acronym is "UNIVERSIDADE FEDERAL DE SANTA MARIA".
10/10/2024, 9:09:45 PM;List 5 Institutions in a capital city that starts with 'Universidade';IESSqlQuery;Here are 5 institutions in a capital city that start with 'Universidade':
- UNIVERSIDADE FEDERAL DE MATO GROSSO
- UNIVERSIDADE DE BRASÍLIA
- UNIVERSIDADE FEDERAL DO AMAZONAS
- UNIVERSIDADE FEDERAL DO PIAUÍ
- UNIVERSIDADE CATÓLICA DE PERNAMBUCO 
10/10/2024, 9:10:02 PM;Check if UNIVERSIDADE FEDERAL DO AMAPÁ is in a capital city.;IESSqlQuery;Yes, UNIVERSIDADE FEDERAL DO AMAPÁ is in a capital city. 
10/10/2024, 9:10:42 PM;Which institution uses the acronym 'UFSM'?;IESList;The institution that uses the acronym 'UFSM' is **Universidade Federal de Santa Maria**. 
10/10/2024, 9:12:00 PM;Get the full name of the institution that uses the acronym PUC.;IESSqlQuery;I am sorry, I cannot find an institution with the acronym PUC in the database.  Would you like to try a different acronym? 
10/10/2024, 9:12:32 PM;Get the full name of the institution that uses the acronym UFPEL;IESSqlQuery;The full name of the institution that uses the acronym UFPEL is **UNIVERSIDADE FEDERAL DE PELOTAS**. 
10/10/2024, 9:13:12 PM;How many institutions are in a capital city?;IESCount;There are 439 institutions in a capital city. 
10/10/2024, 9:14:04 PM;Check how many institutions are located in a capital city;IESSqlQuery;There are 181 institutions located in a capital city. 
10/11/2024, 2:36:15 PM;Check how many institutions are in a capital city;IESCount;There are 439 institutions located in a capital city. 
10/11/2024, 2:36:44 PM;That is not right. Use another function;error;I am sorry, I cannot fulfill your request.  The available tools lack the functionality to assist with your request. I need more information to help you. Please provide the function you want me to use, including its name and parameters. 
10/11/2024, 2:37:21 PM;Query how many Institutions are in a capital city?;IESSqlQuery;There are 181 institutions in a capital city. 
10/11/2024, 2:38:01 PM;Check if the Institution with the acronym UFSM is in a capital city;IESSqlQuery;No, the institution with acronym UFSM is not in a capital city. 
10/11/2024, 2:38:36 PM;Check if URGS is in a capital city;IESSqlQuery;I could not find the acronym "URGS" in the database.  Can you please provide the full name of the institution?
10/11/2024, 2:40:41 PM;It is called Universidade Federal do Rio Grande do Sul. Check if it is in a capital;IESSqlQuery;Yes, it is.  It's located in a capital city. 
10/11/2024, 2:45:06 PM;Get 3 Institutions that are NOT in a capital;IESSqlQuery;The three institutions that are not in a capital are: Universidade Federal de Sergipe, Universidade Federal de Ouro Preto and Universidade Federal de São Carlos. 
10/11/2024, 2:46:38 PM;Find 3 institutions that are not in a capital and their names do not start with 'Universidade'.;IESSqlQuery;The institutions that are not located in a capital city and their names do not start with 'Universidade' are:
- PONTIFÍCIA UNIVERSIDADE CATÓLICA DE CAMPINAS
- Centro Universitário Vale do Rio Verde
- Professor Edson Antônio Velano.
10/11/2024, 2:49:39 PM;I wonder how many Institutions do not start with the letter 'U';IESSqlQuery;There are 290 institutions that do not start with the letter 'U'. 
10/11/2024, 2:50:26 PM;And how many start with the word 'Pontificia'?;IESSqlQuery;There are 7 institutions that start with the word "Pontificia". 
10/11/2024, 2:50:50 PM;List them;error;I need more information to complete your request. Please tell me which region or state you'd like to see the list of institutions for. For example:
* "List the institutions in the North region"
* "List the institutions in São Paulo" 
10/11/2024, 2:51:25 PM;List which Institutions start with 'Pontificia';IESSqlQuery;The Institutions that start with 'Pontificia' are: 
* PONTIFÍCIA UNIVERSIDADE CATÓLICA DO PARANÁ
* PONTIFÍCIA UNIVERSIDADE CATÓLICA DE CAMPINAS
* PONTIFÍCIA UNIVERSIDADE CATÓLICA DO RIO GRANDE DO SUL
* PONTIFÍCIA UNIVERSIDADE CATÓLICA DE MINAS GERAIS
* PONTIFÍCIA UNIVERSIDADE CATÓLICA DE GOIÁS
* PONTIFÍCIA UNIVERSIDADE CATÓLICA DO RIO DE JANEIRO
* PONTIFÍCIA UNIVERSIDADE CATÓLICA DE SÃO PAULO
10/12/2024, 11:26:04 AM;How many institutions are in Mato grosso?;IESCountByRegion;There are 8 institutions in Mato Grosso. 
10/12/2024, 11:28:11 AM;How many institutions are in Mato grosso?;IESCountByRegion;There are 8 institutions in Mato Grosso. 
10/12/2024, 11:30:35 AM;How many institutions are in Minas gerais?;IESCountByRegion;There are 61 institutions in Minas Gerais. 
10/12/2024, 11:30:57 AM;Which institutions are in Minas Gerais?;IESListByRegion;The following institutions are in Minas Gerais: Universidade Federal De Ouro Preto, Universidade Federal De Viçosa, Universidade Federal De Uberlândia, Centro Universitário Vale Do Rio Verde, Professor Edson Antônio Velano, Faculdade De Direito De Conselheiro Lafaiete, Universidade Federal De São João Del Rei, Instituto Nacional De Telecomunicações, Faculdade Unibrasília De Ciências Econômicas De Minas Gerais, Faculdade De Direito De Varginha - Fadiva, Centro Universitário Do Triângulo, Universidade De Uberaba, Fai - Centro De Ensino Superior Em Gestão, Tecnologia E Educação, Faculdade De Direito Do Sul De Minas, Faculdade De Engenharia De Minas Gerais - Feamig, Centro Universitário Metodista Izabela Hendrix, Faculdade De Medicina De Itajubá, Faculdade De Direito Do Vale Do Rio Doce, Faculdade De Medicina De Barbacena, Centro Universitário Presidente Antônio Carlos, Faculdade Machado Sobrinho, Centro Universitário Academia, Pontifícia Universidade Católica De Minas Gerais, Centro Universitário Newton Paiva, Centro Universitário Una, Escola De Engenharia Kennedy, Centro Universitário De Belo Horizonte, Faculdade De Ciências Médicas De Minas Gerais, Universidade Estadual De Montes Claros, Faculdade Santa Marcelina Muriaé - Fasm, Faculdade Mais De Ituiutaba, Faculdade De Ciências Sociais Aplicadas Do Sul De Minas - Facesm, Faculdade Wenceslau Braz, Universidade Vale Do Rio Doce, Centro Universitário Funcesi, Faculdade De Filosofia, Ciências E Letras De Boa Esperança, Universidade Federal De Minas Gerais, Universidade Federal De Juiz De Fora, Universidade Federal De Lavras, Centro Federal De Educação Tecnológica De Minas Gerais, Universidade Federal De Alfenas, Universidade Federal Dos Vales Do Jequitinhonha E Mucuri, Universidade Federal Do Triângulo Mineiro, Universidade Federal De Itajubá - Unifei, Faculdade De Filosofia Ciências E Letras Professora Nair Fortes Abu-merhy, Faculdade Cnec Varginha, Faculdade De Direito Milton Campos, Faculdades Associadas De Uberaba - Fazu, Faculdade Do Noroeste De Minas, Faculdade De Filosofia, Ciências E Letras Do Alto São Francisco, Faculdade De Ciências Humanas De Curvelo, Faculdade De Pará De Minas, Faculdade De Direito E Ciências Sociais Do Leste De Minas - Fadileste, Faculdade Presbiteriana Gammon, Faculdade De São Lourenço, Faculdade Arquidiocesana De Curvelo, Faculdade Jesuíta De Filosofia E Teologia, Centro Universitário Católica Do Leste De Minas Gerais, Escola De Governo Professor Paulo Neves De Carvalho, Faculdade Funorte De Januária, Escola Superior Em Meio Ambiente. 
10/13/2024, 7:37:24 PM;In which city is Universidade Federal de Santa Maria located?;InstitutionLocationQuery;Universidade Federal de Santa Maria is located in Santa Maria. 
10/13/2024, 7:46:35 PM;Is Universidade Federal de Santa Maria located in a capital city?;InstitutionLocationList;No, Universidade Federal de Santa Maria is not located in a capital city. 
10/13/2024, 7:51:38 PM;Is Universidade Federal de Santa Maria located in a capital city?;InstitutionLocationList;No, Universidade Federal de Santa Maria is not located in a capital city. It is located in Santa Maria, Rio Grande do Sul. 
10/13/2024, 7:52:24 PM;Is UFRGS located in Porto Alegre?;InstitutionLocationList;I am sorry, I cannot answer this question. The available tools lack the data to look up institution locations.
10/13/2024, 7:53:54 PM;Which institutions are located in Santa Maria?;InstitutionLocationList;I am sorry, I cannot fulfill this request. The available tools lack the functionality to query for institutions by city. 
10/13/2024, 8:00:08 PM;Which institutions are located in Mato Grosso?;InstitutionLocationList;The following institutions are located in Mato Grosso:
* UNIVERSIDADE FEDERAL DE MATO GROSSO
* Universidade do Estado de Mato Grosso Carlos Alberto Reyes Maldonado - UNEMAT
* UNIVERSIDADE DE CUIABÁ
...
10/14/2024, 12:30:40 AM;How many institutions are located in the city of Santa Maria of the state Rio Grande do Sul?;InstitutionLocationQuery;There are 9 institutions located in the city of Santa Maria of the state Rio Grande do Sul. 

